insert into Store values(12222222);

insert into Store values(12222223);

insert into Store values(12222224);

insert into Store values(12222225);

insert into Store values(12222226);

insert into Store values(12222227);

insert into Store values(12222228);

insert into Store values(12222229);

insert into Store values(22222222);

insert into Store values(12222220);

insert into User values("user1@gmail.com", 11111111, "password1", "username1");

insert into User values("user2@gmail.com", 11111112, "password2", "username2");

insert into User values("user3@gmail.com", 11111113, "password3", "username3");

insert into User values("user4@gmail.com", 11111114, "password4", "username4");

insert into User values("user5@gmail.com", 11111115, "password5", "username5");

insert into User values("user6@gmail.com", 11111116, "password6", "username6");

insert into User values("user7@gmail.com", 11111117, "password7", "username7");	

insert into User values("user8@gmail.com", 11111118, "password8", "username8");

insert into User values("user9@gmail.com", 11111119, "password9", "username9");

insert into User values("user10@gmail.com", 11111101, "password10", "username10");

insert into User values("user11@gmail.com", 11111102, "password11", "username11");

insert into User values("user12@gmail.com", 11111103, "password12", "username12");

insert into User values("user13@gmail.com", 11111104, "password13", "username13");

insert into User values("user14@gmail.com", 11111105, "password14", "username14");

insert into User values("user15@gmail.com", 11111106, "password15", "username15");

insert into User values("user16@gmail.com", 11111107, "password16", "username16");

insert into User values("user17@gmail.com", 11111108, "password17", "username17");

insert into User values("user18@gmail.com", 11111109, "password18", "username18");

insert into User values("user19@gmail.com", 11111120, "password19", "username19");

insert into User values("user20@gmail.com", 11111121, "password20", "username20");

insert into AdminUser values(11111111);

insert into AdminUser values(11111112);

insert into AdminUser values(11111113);

insert into AdminUser values(11111114);

insert into AdminUser values(11111115);

insert into AdminUser values(11111116);

insert into AdminUser values(11111117);

insert into AdminUser values(11111118);

insert into AdminUser values(11111119);

insert into AdminUser values(11111101);

insert into RegularUser values(11111102, 12222222, 100.00);

insert into RegularUser values(11111103, 12222222, 53.24);

insert into RegularUser values(11111104, 12222222, 2342.75);

insert into RegularUser values(11111105, 12222222, 24.00);

insert into RegularUser values(11111106, 12222222, 0.00);
	
insert into RegularUser values(11111107, 12222222, 245.84);

insert into RegularUser values(11111108, 12222222, 0.00);

insert into RegularUser values(11111109, 12222222, 60.00);

insert into RegularUser values(11111120, 12222222, 153.45);

insert into RegularUser values(11111121, 12222222, 153512335.52);

insert into Friend values(11111111, 11111102);

insert into Friend values(11111111, 11111103);

insert into Friend values(11111111, 11111104);

insert into Friend values(11111104, 11111105);

insert into Friend values(11111102, 11111103);

insert into Friend values(11111111, 11111102);

insert into Friend values(11111105, 11111121);

insert into Friend values(11111106, 11111107);

insert into Friend values(11111105, 11111106);

insert into Friend values(11111106, 11111109);

insert into Manages values(11111111, 11111102);

insert into Manages values(11111111, 11111103);

insert into Manages values(11111111, 11111104);

insert into Manages values(11111111, 11111105);

insert into Manages values(11111111, 11111106);

insert into Manages values(11111112, 11111107);

insert into Manages values(11111112, 11111108);

insert into Manages values(11111112, 11111109);

insert into Manages values(11111112, 11111120);

insert into Manages values(11111112, 11111121);

insert into Cart values(00000000, 128.00);

insert into Cart values(00000001, 0.00);

insert into Cart values(00000002, 99.00);

insert into Cart values(00000003, 29.00);

insert into Cart values(00000004, 167.00);

insert into Cart values(00000005, 29.00);

insert into Cart values(00000006, 19.00);

insert into Cart values(00000007, 29.00);

insert into Cart values(00000008, 39.00);

insert into Cart values(00000009, 49.00);

insert into Payment values(11111102, 00000000, 00000000, '2017-11-10', 128.00, "Credit Card");

insert into Payment values(11111102, 00000002, 00000001, '2017-11-09', 99.00, "PayPal");

insert into Payment values(11111103, 00000008, 00000002, '2001-09-11', 39.00, "Debit Card");

insert into Payment values(11111103, 00000009, 00000003, '2017-11-09', 49.00, "PayPal");

insert into Payment values(11111104, 00000003, 00000004, '2017-11-09', 29.00, "Credit Card");

insert into Payment values(11111104, 00000004, 00000005, '2017-05-23', 167.00, "Account Credit");

insert into Payment values(11111105, 00000005, 00000000, '2017-05-31', 29.00, "Gift Card");

insert into Payment values(11111106, 00000006, 00000000, '2017-02-09', 19.00, "Debit Card");

insert into Payment values(11111107, 00000007, 00000000, '2017-10-23', 29.00, "Credit Card");

insert into Payment values(11111102, 00000001, 00000000, '2017-09-09', 0.00, "Instant Noodles");

insert into Developer values(00000000, "Electronic Smarts");

insert into Developer values(00000001, "Many Thinking Apes");

insert into Developer values(00000002, "Macrosoft Studios");

insert into Developer values(00000003, "Rito Games");

insert into Developer values(00000004, "Valve");

insert into Developer values(00000005, "Hatcom");

insert into Developer values(00000006, "Fish Games");	

insert into Developer values(00000007, "MICE");

insert into Developer values(00000008, "Deactivision");

insert into Developer values(00000009, "Mediocre Games");

insert into Game values(0000000, 59.00, 00000000, 12222222, "Connect 4");

insert into Game values(0000001, 69.00, 00000000, 12222222, "Connect 5");

insert into Game values(0000002, 29.00, 00000001, 12222222, "Party In My Basement");

insert into Game values(0000003, 19.00, 00000002, 12222222, "Potato Ninja");

insert into Game values(0000004, 39.00, 00000003, 12222222, "Legends of League");

insert into Game values(0000005, 59.00, 00000004, 12222222, "The Lab");

insert into Game values(0000006, 59.00, 00000004, 12222222, "The Potato");

insert into Game values(0000007, 49.00, 00000006, 12222222, "Feed the Fish");

insert into Game values(0000008, 89.00, 00000007, 12222222, "Micefield 1");

insert into Game values(0000009, 99.00, 00000008, 12222222, "Call of Potatoes");

insert into Genre values(00000000, "MOBA");

insert into Genre values(00000001, "FPS");

insert into Genre values(00000002, "VR");

insert into Genre values(00000003, "Fun");

insert into Genre values(00000004, "RPG");

insert into Genre values(00000005, "Adventure");

insert into Genre values(00000006, "Survival");

insert into Genre values(00000007, "Strategy");

insert into Genre values(00000008, "Fantasy");

insert into Genre values(00000009, "Horror");	

insert into Has values(00000000, 00000003);

insert into Has values(00000000, 00000007);

insert into Has values(00000001, 00000003);

insert into Has values(00000001, 00000007);

insert into Has values(00000002, 00000004);

insert into Has values(00000002, 00000005);

insert into Has values(00000002, 00000009);

insert into Has values(00000003, 00000004);

insert into Has values(00000003, 00000008);

insert into Has values(00000004, 00000000);

insert into Has values(00000004, 00000007);

insert into Has values(00000005, 00000002);

insert into Has values(00000005, 00000009);

insert into Has values(00000006, 00000003);

insert into Has values(00000007, 00000007);

insert into Has values(00000008, 00000001);

insert into Has values(00000008, 00000006);

insert into Has values(00000008, 00000007);

insert into Has values(00000009, 00000001);

insert into Owns values(11111102, 00000000, 59.00, '2017-11-10');

insert into Owns values(11111102, 00000001, 69.00, '2017-11-05');

insert into Owns values(11111103, 00000000, 59.00, '2015-11-10');

insert into Owns values(11111104, 00000003, 19.00, '2013-09-11');

insert into Owns values(11111105, 00000006, 59.00, '2013-12-04');

insert into Owns values(11111106, 00000005, 59.00, '2016-07-29');

insert into Owns values(11111107, 00000009, 99.00, '2017-11-01');

insert into Owns values(11111108, 00000006, 59.00, '2017-02-11');

insert into Owns values(11111109, 00000007, 79.00, '2001-11-10');

insert into Owns values(11111109, 00000009, 99.00, '2010-02-25');

insert into DLC values(00000000, 00000004, "Summoner's Canyon", 19.00);

insert into DLC values(00000001, 00000002, "Alcohol Expansion", 19.00);

insert into DLC values(00000002, 00000005, "For Science!", 19.00);

insert into DLC values(00000003, 00000008, "French Stuff", 19.00);

insert into DLC values(00000004, 00000004, "New Champinos", 19.00);

insert into DLC values(00000005, 00000009, "Tomatoes Invade", 19.00);

insert into DLC values(00000006, 00000008, "French Mice", 29.00);

insert into DLC values(00000007, 00000006, "Free Stuff", 0.00);

insert into DLC values(00000008, 00000003, "Tomato Ninja", 19.00);

insert into DLC values(00000009, 00000008, "Russian Mice", 19.00);

insert into Contains values(00000000, 00000000);

insert into Contains values(00000000, 00000001);

insert into Contains values(00000002, 00000009);

insert into Contains values(00000004, 00000000);

insert into Contains values(00000004, 00000001);

insert into Contains values(00000004, 00000004);

insert into Contains values(00000003, 00000002);

insert into Contains values(00000005, 00000002);

insert into Contains values(00000006, 00000003);

insert into Contains values(00000007, 00000002);

insert into Contains values(00000008, 00000004);

insert into Contains values(00000009, 00000007);

commit work;